,Equity,Bond,Commodity
Equity,0.8072267129947933,0.25988376810166414,0.24204426736068815
Bond,0.25988376810166414,0.4199129608313124,0.13515381305000573
Commodity,0.24204426736068818,0.13515381305000573,0.40475873200647966
