Method,VaR %,ES %,VaR EUR,ES EUR,ES/VaR
Historical Simulation,0.010290120304172548,0.016177015250402906,102901.20304172549,161770.15250402907,1.5720919456931206
Parametric (Normal),0.01075691794811315,0.013568024912024926,107569.1794811315,135680.24912024927,1.2613301484190336
Parametric (Student-t),0.010191790098766473,0.019134386447129788,101917.90098766473,191343.8644712979,1.8774313699264322
Monte Carlo (t-dist),0.0095406660204983,0.014296266329480792,95406.66020498301,142962.66329480792,1.4984557994971204
